id,first_name,last_name,email,gender,salary,education,Married
1,Josi,Millson,jmillson0@youku.com,Female,$152647.10,PhD,false
2,Francyne,Rykert,frykert1@list-manage.com,Male,$187810.79,PhD,true
3,Fransisco,Muddimer,fmuddimer2@reuters.com,Female,$62980.35,MS,true
4,Katey,Chick,kchick3@blinklist.com,Female,$87550.97,MS,false
5,Sibelle,Molyneaux,smolyneaux4@nyu.edu,Male,$118699.14,BS,false
6,Selle,Eldrid,seldrid5@mlb.com,Female,$119546.53,BS,true
7,Orlan,Breckwell,obreckwell6@rakuten.co.jp,Bigender,$39942.36,PhD,false
8,Vivianne,Vaszoly,vvaszoly7@nbcnews.com,Male,$31329.19,PhD,false
9,Adam,Connerly,aconnerly8@gov.uk,Female,$157197.60,BS,false
10,Nikki,Flockhart,nflockhart9@ameblo.jp,Polygender,$59168.72,PhD,true
11,Smith,Forton,sfortona@ning.com,Female,$146923.41,BS,false
12,Papagena,Leggate,pleggateb@diigo.com,Genderfluid,$44945.49,BS,true
13,Cherie,Acton,cactonc@nyu.edu,Female,$93434.50,PhD,true
14,Robinett,Abrahams,rabrahamsd@thetimes.co.uk,Male,$112789.49,MS,true
15,Danika,Sleight,dsleighte@mapy.cz,Female,$147832.17,MS,false
16,Ebeneser,Jenkin,ejenkinf@vimeo.com,Female,$162719.50,BS,true
17,Kylila,Etuck,ketuckg@scribd.com,Male,$135813.24,MS,false
18,Marylin,Attride,mattrideh@blinklist.com,Female,$137658.59,MS,false
19,Hew,Goold,hgooldi@e-recht24.de,Male,$80511.76,MS,false
20,Fons,Perfitt,fperfittj@engadget.com,Genderfluid,$152831.65,MS,true
21,Alli,Olley,aolleyk@msn.com,Female,$109139.86,BS,false
22,Hilda,Aitkenhead,haitkenheadl@nifty.com,Male,$43890.37,BS,false
23,Milka,Burkett,mburkettm@aol.com,Female,$99917.49,MS,true
24,Grover,Basset,gbassetn@cpanel.net,Male,$156821.98,BS,true
25,Katie,Fronek,kfroneko@youku.com,Female,$32970.03,PhD,false
26,Christy,Grigorian,cgrigorianp@omniture.com,Male,$100855.31,MS,true
27,Fonz,Batalle,fbatalleq@nytimes.com,Male,$64050.34,MS,false
28,Reinhold,Andrusov,randrusovr@bizjournals.com,Female,$118993.21,BS,true
29,Alanson,Devonish,adevonishs@soup.io,Male,$67374.68,BS,false
30,Kip,Gerok,kgerokt@woothemes.com,Genderqueer,$72262.41,MS,true
31,Vaclav,Rolfs,vrolfsu@wunderground.com,Male,$124996.00,,false
32,Guntar,Molfino,gmolfinov@guardian.co.uk,Male,$152690.14,MS,false
33,Corabella,Shepherd,cshepherdw@edublogs.org,Male,$48118.55,BS,true
34,Rogerio,Beefon,rbeefonx@yahoo.com,Male,$33373.86,MS,true
35,Alysa,Knightsbridge,aknightsbridgey@chronoengine.com,Bigender,$121457.16,MS,true
36,Leslie,Rushbury,lrushburyz@slashdot.org,Female,$118582.74,BS,true
37,August,Hardeman,ahardeman10@netlog.com,Male,$177552.13,BS,false
38,Nat,Waterstone,nwaterstone11@yahoo.com,,$178355.89,PhD,true
39,Darrell,Ortells,dortells12@zimbio.com,Female,$135256.77,MS,true
40,Eudora,Gobell,egobell13@1688.com,Male,$82908.35,MS,true
41,Kristan,Treen,ktreen14@sciencedirect.com,Male,$96093.67,,true
42,Darda,Marquand,dmarquand15@rambler.ru,Female,$119841.83,PhD,true
43,Fabe,Hawley,fhawley16@wikispaces.com,Female,$140970.10,BS,true
44,Bettye,Ainslee,bainslee17@google.co.uk,Female,$133424.01,BS,false
45,Sebastian,Colvine,scolvine18@diigo.com,,$137598.85,BS,true
46,Maurits,Mack,mmack19@shop-pro.jp,Male,$37023.69,PhD,true
47,Georgine,Hartright,ghartright1a@163.com,Male,$92263.15,PhD,true
48,Wrennie,Farryan,wfarryan1b@bloomberg.com,Male,$55816.50,MS,true
49,Christan,Mahoney,cmahoney1c@smh.com.au,Female,$185071.48,PhD,false
50,Nathanael,Deane,ndeane1d@google.pl,Non-binary,$50965.54,BS,false
51,Geno,Starie,gstarie1e@jugem.jp,Female,$33288.96,BS,true
52,Thaxter,Keyme,tkeyme1f@yellowbook.com,Female,$58939.95,MS,false
53,Griffin,Boobyer,gboobyer1g@gov.uk,Female,$157068.69,PhD,true
54,Bessy,Kirkpatrick,bkirkpatrick1h@loc.gov,Male,$137360.56,MS,false
55,Christyna,Castillon,ccastillon1i@wordpress.org,Female,$182113.96,MS,false
56,Thalia,McCormick,tmccormick1j@constantcontact.com,Male,$94904.68,MS,false
57,Brooks,Chavrin,bchavrin1k@symantec.com,Female,$84467.44,PhD,false
58,Beck,Binns,bbinns1l@baidu.com,Female,$63632.93,BS,false
59,Nadean,Cudiff,ncudiff1m@storify.com,Male,$113905.36,PhD,true
60,Seward,Lowndesbrough,slowndesbrough1n@weebly.com,Male,$126362.33,BS,true
61,Andee,Longstaff,alongstaff1o@wired.com,Male,$128488.11,PhD,false
62,Viviene,Benedict,vbenedict1p@comsenz.com,Agender,$123265.18,PhD,true
63,Brooke,Costi,bcosti1q@hhs.gov,Male,$78624.01,MS,false
64,Willamina,Cleyne,wcleyne1r@reference.com,Female,$86076.22,MS,true
65,Johnna,Lowery,jlowery1s@booking.com,Male,$193225.76,PhD,true
66,Farrah,Phillpot,fphillpot1t@huffingtonpost.com,Polygender,$143698.37,BS,false
67,Nerte,Rozalski,nrozalski1u@home.pl,Female,$38288.24,PhD,true
68,Ingamar,Woolmer,iwoolmer1v@slate.com,Bigender,$79291.45,PhD,true
69,Phyllys,Shorey,pshorey1w@simplemachines.org,Female,$89395.47,BS,false
70,Blair,Spinozzi,bspinozzi1x@phpbb.com,Male,$178161.97,PhD,true
71,Darda,Woller,dwoller1y@senate.gov,Female,$110654.13,PhD,false
72,Archaimbaud,Whytock,awhytock1z@multiply.com,Male,$188284.87,MS,true
73,Cora,Byrom,cbyrom20@privacy.gov.au,Female,$112840.83,MS,true
74,Niko,Godon,ngodon21@chron.com,Male,$136465.22,BS,true
75,Sioux,Sille,ssille22@tripod.com,Male,$152599.08,PhD,true
76,Augustina,Lyster,alyster23@artisteer.com,Male,$112665.47,PhD,false
77,Filia,Dows,fdows24@gravatar.com,Polygender,$38063.49,BS,false
78,Lewiss,Simonyi,lsimonyi25@wikimedia.org,Agender,$44688.00,BS,false
79,Caty,Foulgham,cfoulgham26@addtoany.com,Male,$63446.44,,true
80,Antonia,Pittaway,apittaway27@istockphoto.com,Male,$126885.69,MS,true
81,Zachary,Cullinan,zcullinan28@skyrock.com,,$81828.35,BS,true
82,Haily,Aveson,haveson29@gov.uk,Male,$59345.08,BS,true
83,Barri,Orhrt,borhrt2a@rediff.com,Polygender,$71948.98,PhD,false
84,Chanda,Dockery,cdockery2b@icio.us,Male,$62360.27,MS,false
85,Nicolai,Widdup,nwiddup2c@oakley.com,Female,$64819.51,BS,false
86,Mariette,Townend,mtownend2d@bbb.org,Female,$165165.99,BS,true
87,Allayne,Munt,amunt2e@businessinsider.com,Female,$116846.74,MS,true
88,Otes,Skill,oskill2f@1688.com,Male,$184807.43,BS,true
89,Nessi,Renak,nrenak2g@economist.com,Male,$46020.87,BS,false
90,Gertrude,Wallege,gwallege2h@cisco.com,Male,$39561.78,PhD,true
91,Wini,Baudon,wbaudon2i@nasa.gov,Male,$122162.34,BS,true
92,Bud,Farnorth,bfarnorth2j@adobe.com,Male,$48152.66,BS,true
93,Jarrod,Edmondson,jedmondson2k@microsoft.com,,$131198.56,BS,false
94,Rhodia,Mulholland,rmulholland2l@java.com,Female,$165952.36,PhD,true
95,Randal,Fivey,rfivey2m@nifty.com,Female,$185468.89,BS,false
96,Kylie,Frenzel;,kfrenzel2n@github.io,Female,$123393.61,PhD,true
97,Nanine,Hillett,nhillett2o@godaddy.com,Male,$101888.30,BS,true
98,Toddy,Davenhall,tdavenhall2p@prnewswire.com,Female,$50757.69,MS,true
99,Ripley,Golding,rgolding2q@intel.com,Female,$45960.85,MS,true
100,Brinna,Evert,bevert2r@businessweek.com,Female,$192704.59,PhD,false
101,Dwain,Ruppeli,druppeli2s@elpais.com,Female,$48295.08,BS,false
102,Gaspar,Bridgnell,gbridgnell2t@amazon.com,Female,$168770.44,,true
103,Coriss,Pedycan,cpedycan2u@loc.gov,Male,$153953.85,BS,true
104,Thorstein,O'Quin,toquin2v@slate.com,Female,$191361.02,MS,true
105,Rosanne,Mereweather,rmereweather2w@baidu.com,Female,$79934.24,BS,false
106,Gilberta,Denniss,gdenniss2x@w3.org,Female,$124657.92,PhD,true
107,Paula,Shearn,pshearn2y@merriam-webster.com,Female,$168735.38,PhD,true
108,Holly-anne,Molder,hmolder2z@fc2.com,Male,$81585.88,MS,true
109,Duff,Catonnet,dcatonnet30@wisc.edu,Genderfluid,$152807.47,MS,true
110,Bethanne,Beamond,bbeamond31@tiny.cc,Female,$100557.96,PhD,true
111,Krysta,Solan,ksolan32@cbsnews.com,Female,$184483.03,PhD,true
112,Felecia,Burgan,fburgan33@vinaora.com,Agender,$90011.93,BS,false
113,Odelle,Tremelling,otremelling34@1688.com,Male,$112983.28,BS,true
114,Lynn,Seine,lseine35@disqus.com,Female,$148814.52,BS,true
115,Leticia,Cozins,lcozins36@nifty.com,Male,$158551.11,MS,false
116,Nye,O'Sheils,nosheils37@flickr.com,Male,$106108.66,PhD,false
117,Tam,Welldrake,twelldrake38@ehow.com,Male,$93711.38,PhD,false
118,Ezekiel,Buckney,ebuckney39@vkontakte.ru,Female,$173845.93,MS,false
119,Patty,Wittey,pwittey3a@weibo.com,,$85922.36,PhD,false
120,Cora,Letessier,cletessier3b@wsj.com,Female,$83964.91,MS,false
121,Denys,Lakes,dlakes3c@home.pl,Male,$138392.78,PhD,true
122,Felicle,Jacquet,fjacquet3d@cbc.ca,Male,$51771.74,BS,false
123,Panchito,Sulland,psulland3e@dyndns.org,Female,$74386.13,MS,true
124,Eve,Root,eroot3f@acquirethisname.com,Male,$73499.01,MS,true
125,Carlotta,Saddler,csaddler3g@bravesites.com,Male,$83031.04,PhD,true
126,Romonda,Eastcott,reastcott3h@eepurl.com,Female,$150387.23,PhD,true
127,Ax,Arndt,aarndt3i@seesaa.net,Male,$40443.62,BS,false
128,Siffre,Dampier,sdampier3j@reference.com,Non-binary,$79091.57,PhD,true
129,Julieta,Barfield,jbarfield3k@newsvine.com,Agender,$194142.62,MS,false
130,Susannah,Keston,skeston3l@opensource.org,Female,$167277.99,BS,true
131,Mavra,Laingmaid,mlaingmaid3m@thetimes.co.uk,Male,$148065.81,MS,true
132,Lindsay,Bransden,lbransden3n@jalbum.net,Female,$195767.31,MS,false
133,Sayre,Lammie,slammie3o@census.gov,Female,$95058.87,MS,false
134,Loraine,Jesteco,ljesteco3p@nhs.uk,Male,$179227.67,BS,true
135,Willi,Haville,whaville3q@fc2.com,Female,$30735.44,BS,false
136,Tucker,Navarro,tnavarro3r@wordpress.org,,$156996.25,MS,true
137,Gonzalo,Walkowski,gwalkowski3s@goodreads.com,Male,$132610.94,BS,true
138,Karel,Perkin,kperkin3t@craigslist.org,Female,$77541.27,MS,false
139,Aura,Sanders,asanders3u@topsy.com,Bigender,$192929.79,PhD,true
140,Bennie,Maddaford,bmaddaford3v@kickstarter.com,Male,$58483.77,BS,false
141,Merilyn,Millsap,mmillsap3w@github.com,Female,$146061.46,MS,true
142,Luis,Forster,lforster3x@geocities.jp,Male,$149582.93,BS,false
143,Corbie,Heball,cheball3y@umich.edu,Female,$185910.94,BS,true
144,Goraud,Kikke,gkikke3z@elpais.com,Male,$69637.01,PhD,true
145,Marylee,Grzelczyk,mgrzelczyk40@usgs.gov,Male,$52299.69,BS,true
146,Cheryl,Attoc,cattoc41@twitpic.com,Female,$154339.35,MS,false
147,Garrot,Edie,gedie42@1688.com,Male,$190951.63,PhD,false
148,Cheston,MacGrath,cmacgrath43@va.gov,Non-binary,$148550.52,PhD,true
149,Patrice,Schutter,pschutter44@w3.org,Male,$116388.62,BS,true
150,Colet,Colleran,ccolleran45@goo.ne.jp,Male,$114990.73,MS,false
151,Dukie,Schwandermann,dschwandermann46@senate.gov,Male,$172431.12,PhD,true
152,Roxine,Atack,ratack47@bloomberg.com,Female,$127699.24,PhD,false
153,Halley,McElhinney,hmcelhinney48@webeden.co.uk,Male,$110407.37,BS,true
154,Esteban,Jimes,ejimes49@webeden.co.uk,Genderfluid,$62158.87,MS,false
155,Damian,Glasspoole,dglasspoole4a@youtube.com,Female,$104709.09,BS,true
156,Fleur,Scneider,fscneider4b@telegraph.co.uk,Female,$63668.35,BS,true
157,Scottie,Rutt,srutt4c@msn.com,Male,$49075.74,PhD,true
158,Dennison,Eagle,deagle4d@desdev.cn,Male,$47184.26,PhD,false
159,Esther,Colvie,ecolvie4e@rediff.com,Female,$51253.25,MS,true
160,Dorey,Matschoss,dmatschoss4f@boston.com,Female,$139314.05,PhD,true
161,Emiline,Meah,emeah4g@sina.com.cn,Female,$105714.86,PhD,true
162,Truman,O'Cuddie,tocuddie4h@etsy.com,Male,$78587.77,MS,true
163,Carrol,Melling,cmelling4i@unblog.fr,Male,$57942.56,MS,false
164,Merrilee,Abramov,mabramov4j@nationalgeographic.com,Female,$143248.14,MS,true
165,Wynn,Friese,wfriese4k@virginia.edu,Female,$153791.53,MS,true
166,Leigh,MacClay,lmacclay4l@guardian.co.uk,Male,$51574.66,BS,true
167,Terrance,Timbrell,ttimbrell4m@odnoklassniki.ru,Genderfluid,$104277.63,PhD,false
168,Shina,Lowensohn,slowensohn4n@chicagotribune.com,Male,$177655.54,BS,true
169,Ben,Cammomile,bcammomile4o@vinaora.com,Female,$42328.13,PhD,true
170,Alf,Rosenstock,arosenstock4p@ihg.com,Male,$79438.16,BS,false
171,Elmo,Breeze,ebreeze4q@nature.com,Male,$91315.13,BS,false
172,Foster,Aust,faust4r@rakuten.co.jp,Male,$174051.67,PhD,true
173,Raynell,Levis,rlevis4s@newyorker.com,Male,$70043.09,BS,false
174,Felike,Trumper,ftrumper4t@imgur.com,Female,$77812.15,BS,false
175,Amil,Leys,aleys4u@wufoo.com,Polygender,$110674.34,MS,false
176,Quinn,Frizzell,qfrizzell4v@wsj.com,Female,$128169.09,MS,false
177,Millisent,Hurleston,mhurleston4w@sciencedaily.com,Male,$62061.83,PhD,true
178,Katey,Garley,kgarley4x@cocolog-nifty.com,Male,$170697.28,PhD,false
179,Robin,Gibke,rgibke4y@infoseek.co.jp,Female,$103011.68,PhD,false
180,Mariam,Spino,mspino4z@apple.com,,$67837.84,PhD,false
181,Nonnah,Ible,nible50@4shared.com,Male,$172492.99,MS,true
182,Egbert,Michal,emichal51@sbwire.com,Female,$34780.59,PhD,false
183,Corrie,Meadowcroft,cmeadowcroft52@ftc.gov,Male,$70512.80,BS,false
184,Boone,Blas,bblas53@linkedin.com,,$109758.87,PhD,true
185,Demetri,Adnet,dadnet54@elegantthemes.com,Male,$99715.18,BS,false
186,Blayne,Biskupek,bbiskupek55@google.pl,Male,$172383.83,MS,true
187,Rivy,Battman,rbattman56@cyberchimps.com,Female,$118170.40,MS,true
188,Zonnya,Dirkin,zdirkin57@noaa.gov,Male,$32324.03,MS,false
189,Darby,Warboys,dwarboys58@ebay.com,Male,$43869.42,MS,true
190,Zenia,Websdale,zwebsdale59@bloomberg.com,Male,$193986.41,PhD,true
191,Vincent,Raper,vraper5a@time.com,Female,$84988.12,BS,true
192,Bili,Gini,bgini5b@craigslist.org,Female,$155993.93,MS,true
193,Bastien,Atchly,batchly5c@usa.gov,Male,$150331.35,BS,false
194,Krisha,Macconachy,kmacconachy5d@mapquest.com,Male,$37402.47,MS,false
195,Odetta,Copes,ocopes5e@vk.com,,$92370.97,MS,false
196,Giralda,Scarborough,gscarborough5f@illinois.edu,Female,$45010.12,BS,true
197,Micki,Witz,mwitz5g@hubpages.com,Male,$44833.96,MS,false
198,Keith,Opdenort,kopdenort5h@icio.us,Male,$67036.19,BS,true
199,Sid,Bemwell,sbemwell5i@cdc.gov,Genderqueer,$79688.58,PhD,false
200,Justino,Beadell,jbeadell5j@mtv.com,Male,$94312.92,MS,true
201,Conn,Koeppe,ckoeppe5k@vistaprint.com,Male,$159849.01,PhD,false
202,Darill,Bulman,dbulman5l@godaddy.com,Male,$97696.06,PhD,false
203,Lorilyn,O' Mara,lomara5m@amazonaws.com,Female,$136592.05,MS,false
204,Patti,Casotti,pcasotti5n@privacy.gov.au,Female,$109705.38,PhD,false
205,Wallas,McAirt,wmcairt5o@reference.com,Female,$54117.41,PhD,true
206,Viviyan,Gomby,vgomby5p@vkontakte.ru,,$86007.36,PhD,false
207,Tilly,Bello,tbello5q@npr.org,Male,$135144.03,PhD,false
208,Claudie,McMurraya,cmcmurraya5r@prlog.org,Female,$176373.12,MS,false
209,Meier,Itzkovitch,mitzkovitch5s@si.edu,Female,$92847.07,PhD,false
210,Fredra,Colicot,fcolicot5t@rambler.ru,Non-binary,$100111.41,PhD,true
211,Woodrow,Summerson,wsummerson5u@usnews.com,Female,$66082.43,BS,false
212,Jilli,Ort,jort5v@bravesites.com,Female,$154620.29,BS,false
213,Kellia,Burnett,kburnett5w@slate.com,,$102004.71,MS,false
214,Skipp,Shallcroff,sshallcroff5x@biglobe.ne.jp,Male,$173262.71,PhD,true
215,Corny,Bavidge,cbavidge5y@phpbb.com,Male,$170412.10,MS,true
216,Ronni,Adamoli,radamoli5z@tiny.cc,Female,$103241.85,PhD,true
217,Humfrid,Thurling,hthurling60@hatena.ne.jp,Female,$122915.03,BS,true
218,Nap,Crookshank,ncrookshank61@miitbeian.gov.cn,Female,$37872.79,MS,true
219,Dorotea,Leythley,dleythley62@com.com,Female,$115969.10,BS,true
220,Valene,Trewartha,vtrewartha63@seesaa.net,Female,$167194.26,BS,true
221,Deny,Doggett,ddoggett64@liveinternet.ru,Male,$46393.63,BS,true
222,Andie,Filipowicz,afilipowicz65@symantec.com,Female,$149422.94,MS,false
223,Erinn,Itzcovichch,eitzcovichch66@vinaora.com,Male,$173307.20,MS,false
224,Jania,Mulles,jmulles67@toplist.cz,Male,$91694.82,BS,false
225,Hurley,Domerc,hdomerc68@discovery.com,Female,$178578.03,MS,false
226,Tisha,Pantlin,tpantlin69@seesaa.net,Female,$67782.16,PhD,true
227,Mandie,De Miranda,mdemiranda6a@jimdo.com,Non-binary,$105968.65,PhD,false
228,Karine,Chimenti,kchimenti6b@amazon.co.uk,Male,$32109.22,MS,true
229,Vivia,Dawes,vdawes6c@sphinn.com,Male,$99241.32,PhD,true
230,Lula,Kristufek,lkristufek6d@dyndns.org,Male,$87038.87,MS,true
231,Aloisia,Korbmaker,akorbmaker6e@tripadvisor.com,Female,$157982.72,MS,false
232,Orbadiah,Edworthie,oedworthie6f@si.edu,Bigender,$32686.79,MS,true
233,Tiphani,Donnan,tdonnan6g@xinhuanet.com,Male,$96748.81,MS,true
234,Peta,Bedrosian,pbedrosian6h@1und1.de,Male,$185477.50,BS,false
235,Evonne,Marconi,emarconi6i@examiner.com,Male,$115449.06,MS,false
236,Bari,Lilywhite,blilywhite6j@163.com,Male,$30222.23,MS,false
237,Jeniece,Balasini,jbalasini6k@wufoo.com,Female,$73510.80,BS,true
238,Donnell,Capsey,dcapsey6l@sphinn.com,Male,$64964.97,BS,false
239,Kathie,Laneham,klaneham6m@addtoany.com,Female,$145476.75,PhD,true
240,Hattie,Simmonds,hsimmonds6n@surveymonkey.com,Female,$121146.03,PhD,true
241,Winifield,Giacobelli,wgiacobelli6o@technorati.com,Female,$78005.61,PhD,false
242,Kenna,Tritton,ktritton6p@arizona.edu,,$151684.05,BS,true
243,Oneida,Sheer,osheer6q@sciencedirect.com,,$46816.98,BS,true
244,Quintina,Sams,qsams6r@gnu.org,Female,$81692.68,PhD,false
245,Ram,Ramsby,rramsby6s@skyrock.com,Male,$53774.01,BS,true
246,Neila,Mackie,nmackie6t@hugedomains.com,Male,$167206.97,MS,true
247,Tracey,Fealy,tfealy6u@eepurl.com,Female,$56463.47,PhD,true
248,Krisha,Gourdon,kgourdon6v@aol.com,Female,$151722.48,PhD,true
249,Griz,Trassler,gtrassler6w@indiatimes.com,Agender,$182946.27,MS,false
250,Eachelle,Shobrook,eshobrook6x@opensource.org,Female,$39638.73,MS,false
251,Laina,McKim,lmckim6y@slideshare.net,Female,$197961.95,BS,true
252,Othella,Meeron,omeeron6z@google.co.uk,Bigender,$95091.76,PhD,false
253,Rayshell,Peyes,rpeyes70@globo.com,Female,$77765.87,BS,false
254,Aguistin,Schulze,aschulze71@prweb.com,Female,$53231.61,PhD,false
255,Arlene,Breckwell,abreckwell72@hc360.com,Male,$179034.25,MS,true
256,Belicia,McBayne,bmcbayne73@stanford.edu,Male,$78142.76,PhD,true
257,Lamar,McGiffin,lmcgiffin74@cbc.ca,Female,$140464.63,BS,false
258,Milzie,Cordelet,mcordelet75@e-recht24.de,Male,$88174.46,BS,true
259,Beth,Bazoche,bbazoche76@europa.eu,Female,$65430.63,BS,true
260,Adorne,Gladtbach,agladtbach77@ebay.com,Female,$98048.08,BS,true
261,Gusty,Roswarn,groswarn78@europa.eu,Male,$93938.44,BS,true
262,Magdalen,Hannigan,mhannigan79@yolasite.com,Male,$76010.59,PhD,true
263,Marcille,Tourot,mtourot7a@artisteer.com,Genderqueer,$151188.54,MS,true
264,Shell,Zannuto,szannuto7b@geocities.jp,Male,$134574.35,MS,false
265,Trip,Prettyman,tprettyman7c@chicagotribune.com,Male,$36193.58,MS,true
266,Jeralee,Lampard,jlampard7d@histats.com,Female,$160711.10,MS,false
267,Theresina,Conradsen,tconradsen7e@sciencedaily.com,Female,$146377.01,,false
268,Georgine,Brantzen,gbrantzen7f@cbc.ca,Female,$117118.90,PhD,false
269,Elihu,Lorne,elorne7g@boston.com,Male,$173893.52,PhD,false
270,Valli,Crudgington,vcrudgington7h@bluehost.com,Female,$67032.69,BS,false
271,Kelcy,Sutor,ksutor7i@discuz.net,Male,$177581.56,BS,false
272,Genovera,Ehrat,gehrat7j@marketwatch.com,Female,$186379.05,PhD,false
273,Seymour,Walford,swalford7k@livejournal.com,Male,$119463.48,MS,true
274,Lucas,Lode,llode7l@yahoo.com,Female,$72094.94,MS,true
275,Sylvan,Barden,sbarden7m@odnoklassniki.ru,Female,$118677.39,BS,false
276,Vite,Brocklesby,vbrocklesby7n@zimbio.com,Female,$67126.58,PhD,false
277,Rogers,Jenkerson,rjenkerson7o@yandex.ru,Male,$125075.77,BS,false
278,Danika,Muress,dmuress7p@rakuten.co.jp,Female,$158110.87,PhD,true
279,Laryssa,Govenlock,lgovenlock7q@wikipedia.org,Male,$107634.16,BS,true
280,Elizabeth,Glass,eglass7r@forbes.com,Female,$129917.17,MS,false
281,Codie,Noke,cnoke7s@is.gd,Female,$163202.93,PhD,false
282,Roley,Napleton,rnapleton7t@bandcamp.com,Agender,$139107.15,BS,true
283,Kiersten,Lazell,klazell7u@gmpg.org,Female,$66044.56,BS,false
284,Kathrine,Crosfeld,kcrosfeld7v@abc.net.au,Male,$85975.66,PhD,true
285,Kain,McNicol,kmcnicol7w@yahoo.com,Male,$120903.24,BS,true
286,Kiley,Strugnell,kstrugnell7x@ucsd.edu,Female,$154422.15,MS,false
287,Mariska,Crawshaw,mcrawshaw7y@skype.com,Female,$165865.59,PhD,true
288,Ryann,Yorkston,ryorkston7z@craigslist.org,Female,$124890.81,BS,false
289,Lancelot,Oxenbury,loxenbury80@oaic.gov.au,Female,$71581.17,MS,false
290,Dexter,Lampaert,dlampaert81@goodreads.com,Male,$123997.68,BS,true
291,Kev,Brabyn,kbrabyn82@woothemes.com,Female,$85076.03,PhD,true
292,Maryrose,Heater,mheater83@amazon.com,Male,$97927.42,PhD,false
293,Jeannie,Murfin,jmurfin84@dagondesign.com,Male,$66761.19,PhD,true
294,Seumas,Root,sroot85@hugedomains.com,Female,$130919.04,MS,false
295,Gale,Filip,gfilip86@toplist.cz,Male,$148763.76,PhD,true
296,Dorothea,Spragge,dspragge87@dropbox.com,Male,$76122.32,PhD,false
297,Guido,Flintuff,gflintuff88@nba.com,Male,$180686.27,PhD,false
298,Doro,Bealing,dbealing89@addtoany.com,Male,$123052.15,BS,true
299,Fayette,Lintall,flintall8a@wiley.com,Male,$112075.57,BS,false
300,Danella,Cushe,dcushe8b@jiathis.com,Female,$30314.50,MS,false
301,Hall,Rubbens,hrubbens8c@state.gov,Female,$109154.11,MS,true
302,Avery,Malan,amalan8d@surveymonkey.com,Agender,$61483.11,MS,true
303,Isador,Lindstrom,ilindstrom8e@elpais.com,Agender,$50384.69,PhD,true
304,Joachim,Pummery,jpummery8f@vistaprint.com,Male,$166643.51,PhD,false
305,Pasquale,Petticrow,ppetticrow8g@icio.us,Female,$61022.42,MS,true
306,Candis,Bottomley,cbottomley8h@goo.ne.jp,Female,$174737.65,MS,false
307,Jobie,Heeley,jheeley8i@instagram.com,Male,$129685.11,MS,false
308,Miner,Bruhnicke,mbruhnicke8j@cbsnews.com,Agender,$113937.84,BS,true
309,Tristam,Hufton,thufton8k@e-recht24.de,Female,$69577.86,MS,true
310,Valentina,Vogele,vvogele8l@icio.us,Male,$134540.79,MS,true
311,Marylinda,Haggath,mhaggath8m@yahoo.com,Male,$161992.63,PhD,false
312,Ingrim,Sire,isire8n@apache.org,Non-binary,$53675.99,BS,false
313,Sibylle,Nyssen,snyssen8o@npr.org,Polygender,$65740.89,PhD,false
314,Tammy,Baudin,tbaudin8p@slate.com,Female,$57912.20,PhD,true
315,Nada,Giacopetti,ngiacopetti8q@dmoz.org,Female,$98755.91,BS,false
316,Guido,Grix,ggrix8r@wikia.com,Bigender,$36760.38,MS,true
317,Lynnelle,Llewellyn,lllewellyn8s@posterous.com,Female,$139797.18,,true
318,Kathlin,Jansson,kjansson8t@cbslocal.com,Male,$113911.78,BS,false
319,Fraser,Tripony,ftripony8u@who.int,Female,$164319.97,PhD,true
320,Salvatore,Colin,scolin8v@upenn.edu,Female,$110434.21,PhD,true
321,Janna,Ginman,jginman8w@census.gov,Female,$41272.27,PhD,false
322,Ingar,Matoshin,imatoshin8x@edublogs.org,Female,$80295.32,BS,false
323,Darlleen,Lucio,dlucio8y@engadget.com,Male,$87858.87,PhD,false
324,Ian,Drennan,idrennan8z@cornell.edu,Non-binary,$79343.18,MS,true
325,Diane,Arlow,darlow90@spiegel.de,Female,$146223.83,BS,false
326,Shalna,Jindacek,sjindacek91@aol.com,Female,$120267.61,MS,false
327,Cyrus,Lambeth,clambeth92@about.com,Male,$171461.49,MS,true
328,Saraann,Bassford,sbassford93@surveymonkey.com,Non-binary,$72006.63,PhD,false
329,Petr,Hinchcliffe,phinchcliffe94@paginegialle.it,Male,$75324.16,MS,true
330,Shay,Jacobowitz,sjacobowitz95@zimbio.com,Non-binary,$74917.55,BS,false
331,Brena,Yeo,byeo96@stumbleupon.com,Female,$147063.87,MS,false
332,Sheela,Howford,showford97@nih.gov,Male,$177426.14,PhD,false
333,Audry,Boughey,aboughey98@wsj.com,Male,$58820.97,PhD,false
334,Nick,Trewhitt,ntrewhitt99@nyu.edu,Female,$45576.03,MS,false
335,Ree,Bendle,rbendle9a@purevolume.com,Female,$122084.65,PhD,true
336,Mallory,Saltsberger,msaltsberger9b@themeforest.net,Male,$72236.66,BS,true
337,Adora,Goeff,agoeff9c@smh.com.au,Male,$119041.19,BS,false
338,Findlay,Brunsen,fbrunsen9d@msn.com,Male,$185115.85,PhD,false
339,Thayne,Pennycuick,tpennycuick9e@economist.com,Male,$121504.97,PhD,false
340,Erda,Macilhench,emacilhench9f@amazonaws.com,Female,$178286.41,PhD,false
341,Gage,Bugbird,gbugbird9g@hostgator.com,Female,$48025.61,BS,false
342,Waite,Fessler,wfessler9h@timesonline.co.uk,Female,$185119.21,PhD,false
343,Ethe,Nanelli,enanelli9i@feedburner.com,Female,$187917.38,BS,false
344,Hally,Meaddowcroft,hmeaddowcroft9j@1und1.de,Female,$30370.11,MS,true
345,Thia,Filippello,tfilippello9k@digg.com,Male,$56180.41,PhD,false
346,Emmy,Karet,ekaret9l@nytimes.com,Female,$117316.18,PhD,true
347,Loraine,Charleston,lcharleston9m@qq.com,Female,$115946.64,PhD,true
348,Kerby,Annets,kannets9n@abc.net.au,Male,$59603.48,PhD,true
349,Helena,Mosedale,hmosedale9o@cbslocal.com,Female,$108299.36,PhD,true
350,Aggy,Renad,arenad9p@ning.com,Male,$74109.21,MS,true
351,Ricki,Naton,rnaton9q@huffingtonpost.com,Male,$141779.36,PhD,true
352,Gerianna,Szimon,gszimon9r@bbb.org,Genderfluid,$185263.99,PhD,true
353,Fionnula,Yeulet,fyeulet9s@nature.com,Male,$47880.50,BS,false
354,Chalmers,Greathead,cgreathead9t@nature.com,Female,$185854.35,PhD,false
355,Brit,Lavington,blavington9u@phoca.cz,Male,$49604.02,BS,true
356,Haily,Screen,hscreen9v@sitemeter.com,Agender,$131788.56,BS,false
357,Darrell,Brugger,dbrugger9w@timesonline.co.uk,Female,$164165.53,MS,true
358,Pail,Doey,pdoey9x@merriam-webster.com,Female,$115580.38,BS,false
359,Gilberte,Washtell,gwashtell9y@businessinsider.com,Agender,$146622.60,,false
360,Julina,Diloway,jdiloway9z@archive.org,,$192728.98,PhD,false
361,Elysia,Alison,ealisona0@istockphoto.com,Female,$40198.81,BS,true
362,Raviv,Hurry,rhurrya1@shop-pro.jp,Male,$136260.33,MS,false
363,Fernando,Posthill,fposthilla2@bloglovin.com,Male,$105477.61,MS,true
364,Danice,Chisolm,dchisolma3@biblegateway.com,Female,$154089.88,MS,true
365,Catherine,Ohrt,cohrta4@netlog.com,Female,$159489.61,MS,false
366,Zaccaria,Cheng,zchenga5@constantcontact.com,Male,$87956.41,BS,true
367,Lek,Stefi,lstefia6@vimeo.com,Female,$192878.59,BS,false
368,Tiffy,Moran,tmorana7@rambler.ru,,$89257.03,MS,false
369,Cyndi,Kellard,ckellarda8@vimeo.com,Male,$64241.39,PhD,true
370,Wilmette,Gallaher,wgallahera9@usnews.com,Female,$183285.57,BS,false
371,Alexis,Francescoccio,afrancescoccioaa@reuters.com,Male,$149185.22,PhD,false
372,Bryna,Chalcot,bchalcotab@php.net,Female,$47906.82,PhD,false
373,Grayce,Kissick,gkissickac@hibu.com,Polygender,$173452.28,MS,false
374,Quint,While,qwhilead@google.ru,Female,$93607.16,MS,false
375,Ulric,Riccardelli,uriccardelliae@behance.net,Agender,$189352.47,BS,true
376,Pietra,Coughan,pcoughanaf@cam.ac.uk,Male,$120740.97,MS,true
377,Myles,Deighton,mdeightonag@irs.gov,Male,$104616.00,MS,true
378,Titos,Aysik,taysikah@google.com,Female,$151444.55,BS,false
379,Ingra,Meconi,imeconiai@phpbb.com,Male,$86785.14,PhD,true
380,Cristionna,Crosby,ccrosbyaj@usda.gov,Male,$81236.50,MS,true
381,Rebecka,Bernocchi,rbernocchiak@oaic.gov.au,Male,$186179.22,MS,true
382,Noellyn,Ortega,nortegaal@jigsy.com,Female,$60032.81,MS,true
383,Wade,Whitchurch,wwhitchurcham@cisco.com,Male,$143326.40,MS,false
384,Debora,Brash,dbrashan@japanpost.jp,Female,$48866.19,BS,true
385,Odelinda,Gadesby,ogadesbyao@cornell.edu,Female,$35154.89,BS,false
386,Rikki,Winkle,rwinkleap@devhub.com,Female,$115541.18,MS,true
387,Malvin,McVeagh,mmcveaghaq@squarespace.com,Female,$37044.14,PhD,true
388,Meridith,Havill,mhavillar@noaa.gov,Female,$137684.29,BS,true
389,Paxton,Drummond,pdrummondas@utexas.edu,Male,$146917.63,BS,true
390,Jarrad,Atto,jattoat@bloglines.com,Polygender,$38929.43,PhD,true
391,Sib,Tucknutt,stucknuttau@gnu.org,Male,$193503.06,BS,true
392,Ina,Courtonne,icourtonneav@symantec.com,Male,$81639.95,BS,true
393,Banky,Racher,bracheraw@netlog.com,,$130765.27,PhD,true
394,Tabbie,Percival,tpercivalax@tripadvisor.com,Male,$58533.55,PhD,true
395,Marten,Hinchon,mhinchonay@tmall.com,Female,$158066.21,MS,true
396,Berne,Lemmon,blemmonaz@oracle.com,Female,$128797.66,PhD,false
397,Trip,Luca,tlucab0@buzzfeed.com,Genderqueer,$102866.82,MS,false
398,Ingunna,Gobert,igobertb1@sciencedirect.com,Female,$80791.25,PhD,true
399,Myrah,Hyde-Chambers,mhydechambersb2@issuu.com,Female,$164536.36,,false
400,Cordi,Reagan,creaganb3@tuttocitta.it,Female,$32712.26,MS,false
401,Bron,Rude,brudeb4@jalbum.net,Male,$187672.22,BS,true
402,Ethelred,Rowbottom,erowbottomb5@youtube.com,Male,$109692.34,PhD,false
403,Shurlock,Mattityahou,smattityahoub6@live.com,Female,$58911.24,MS,true
404,Willy,Cromwell,wcromwellb7@wikispaces.com,Female,$57554.48,MS,false
405,Ezri,Reinbeck,ereinbeckb8@toplist.cz,Female,$90556.83,BS,true
406,Carlo,Durdan,cdurdanb9@google.it,Male,$77250.99,MS,true
407,Skipton,Quenell,squenellba@examiner.com,Female,$186877.39,PhD,true
408,Almire,Gleader,agleaderbb@japanpost.jp,Male,$74647.85,MS,false
409,Willie,Hartington,whartingtonbc@cdc.gov,Female,$91066.93,BS,true
410,Shani,Harrema,sharremabd@prnewswire.com,Male,$44033.82,MS,true
411,Clarette,Harrington,charringtonbe@jigsy.com,Female,$48728.46,BS,false
412,Aguistin,Forsaith,aforsaithbf@time.com,Male,$130434.27,BS,false
413,Kirstyn,Oseland,koselandbg@scientificamerican.com,Female,$85684.45,BS,true
414,Nikolas,Chisolm,nchisolmbh@miitbeian.gov.cn,Non-binary,$141443.88,BS,true
415,Zacherie,Jekel,zjekelbi@macromedia.com,Male,$76086.97,PhD,true
416,Jo,Neaverson,jneaversonbj@scribd.com,,$38641.84,MS,false
417,Aldric,Mutlow,amutlowbk@photobucket.com,Female,$38778.03,MS,true
418,Kathi,Callaby,kcallabybl@theguardian.com,Female,$70210.21,BS,false
419,Melli,Gherardelli,mgherardellibm@sogou.com,Female,$56693.52,MS,true
420,Jessy,Dart,jdartbn@hc360.com,Male,$196768.04,BS,true
421,Micheal,Meijer,mmeijerbo@cpanel.net,Female,$175634.29,MS,false
422,Carla,McAllester,cmcallesterbp@eventbrite.com,Female,$192514.83,MS,true
423,Nadean,Legg,nleggbq@w3.org,Female,$118990.72,MS,true
424,Thadeus,Meletti,tmelettibr@lulu.com,Male,$38609.60,BS,false
425,Abagail,De Vile,adevilebs@acquirethisname.com,Male,$56793.15,BS,false
426,Garold,Barfoot,gbarfootbt@aboutads.info,Female,$52678.35,MS,false
427,Juliann,Goulston,jgoulstonbu@statcounter.com,Female,$151875.55,MS,true
428,Hamilton,Nassie,hnassiebv@springer.com,Female,$184988.50,MS,false
429,Jessie,Shipton,jshiptonbw@imgur.com,Male,$77349.61,PhD,false
430,Kordula,Allot,kallotbx@google.ru,Female,$96137.34,MS,false
431,Kanya,Rosenfrucht,krosenfruchtby@webs.com,,$173718.19,,true
432,Clem,Riccione,criccionebz@pcworld.com,Male,$77958.21,PhD,false
433,Sayer,Folbige,sfolbigec0@parallels.com,Female,$186293.88,MS,false
434,Deb,Domeny,ddomenyc1@army.mil,Polygender,$109964.06,BS,false
435,Jacky,Minkin,jminkinc2@bandcamp.com,Female,$49748.53,MS,true
436,Karl,Duck,kduckc3@squarespace.com,Female,$167014.37,PhD,true
437,Kristen,Spours,kspoursc4@merriam-webster.com,Male,$134616.36,BS,false
438,Valentine,De Francisci,vdefranciscic5@sbwire.com,Male,$109322.05,BS,false
439,Austen,Shenfisch,ashenfischc6@amazon.co.uk,Non-binary,$152068.19,PhD,true
440,Netti,Birdall,nbirdallc7@yandex.ru,Male,$147524.56,BS,true
441,Rusty,Stepto,rsteptoc8@weibo.com,Female,$42947.11,MS,true
442,Zane,Yakubov,zyakubovc9@economist.com,Female,$128574.56,PhD,false
443,Junina,Brocks,jbrocksca@comcast.net,Male,$150940.62,PhD,false
444,Ruthe,Brunner,rbrunnercb@wisc.edu,Female,$94990.41,BS,false
445,Emory,Giovanetti,egiovanetticc@thetimes.co.uk,Male,$146778.76,BS,true
446,Fidelia,Ribou,friboucd@unesco.org,Female,$141903.34,MS,true
447,Elsworth,Marking,emarkingce@163.com,Male,$135728.04,MS,true
448,Thurston,Poile,tpoilecf@dropbox.com,Female,$68158.67,BS,true
449,Genevieve,Oolahan,goolahancg@oakley.com,Male,$39720.73,PhD,false
450,Cazzie,Keelinge,ckeelingech@utexas.edu,Male,$183900.01,PhD,true
451,Darlleen,Treagus,dtreagusci@yellowbook.com,Female,$73180.49,PhD,false
452,Margaret,Bierman,mbiermancj@tripadvisor.com,Female,$172262.28,MS,true
453,Mike,Avey,maveyck@patch.com,Female,$66950.49,PhD,true
454,Maureene,Martschik,mmartschikcl@icq.com,Male,$78444.69,PhD,false
455,Colver,Thurlbourne,cthurlbournecm@army.mil,Female,$35253.91,PhD,true
456,Bevin,Isabell,bisabellcn@networkadvertising.org,Male,$129668.62,BS,false
457,Mordecai,Posnett,mposnettco@dion.ne.jp,Female,$169573.51,MS,true
458,Reinold,Timeby,rtimebycp@123-reg.co.uk,Male,$98243.40,BS,false
459,Ruthi,Luther,rluthercq@tripadvisor.com,Male,$161360.29,MS,true
460,Emery,Berndt,eberndtcr@mashable.com,Male,$51177.91,PhD,false
461,Alasdair,Renihan,arenihancs@nifty.com,Female,$145375.40,BS,false
462,Carlene,Dudbridge,cdudbridgect@seattletimes.com,,$96594.56,MS,false
463,Wallas,Ellph,wellphcu@tmall.com,Non-binary,$185199.55,BS,false
464,Findley,Berlin,fberlincv@discuz.net,Genderqueer,$59547.57,MS,true
465,Vivianna,MacKnight,vmacknightcw@xinhuanet.com,Male,$33341.13,PhD,false
466,Uriel,Proschek,uproschekcx@biglobe.ne.jp,Male,$81753.17,BS,true
467,Dyann,Easton,deastoncy@blogger.com,Female,$132128.63,BS,true
468,Zollie,Croome,zcroomecz@plala.or.jp,Male,$138524.47,BS,false
469,Jared,Bardey,jbardeyd0@netscape.com,Female,$41934.54,BS,false
470,Clive,Ellingford,cellingfordd1@deliciousdays.com,Female,$162428.76,BS,true
471,Pandora,Adacot,padacotd2@elegantthemes.com,Female,$88076.03,MS,true
472,Wini,Darlington,wdarlingtond3@php.net,Female,$39156.50,BS,true
473,Donn,Dachs,ddachsd4@cbc.ca,Male,$136902.91,BS,false
474,Garth,Shill,gshilld5@opensource.org,Male,$96526.55,MS,false
475,Bax,Crowder,bcrowderd6@imageshack.us,Male,$106886.55,PhD,true
476,Rossie,Farra,rfarrad7@sina.com.cn,,$83377.83,BS,false
477,Revkah,Betteson,rbettesond8@posterous.com,Female,$199968.13,MS,true
478,Estrella,Enrdigo,eenrdigod9@odnoklassniki.ru,Female,$100376.62,BS,true
479,Sabrina,Oakton,soaktonda@last.fm,Male,$69180.33,MS,true
480,Idalina,Thridgould,ithridgoulddb@ask.com,Female,$43730.13,PhD,false
481,Doralin,Tunnow,dtunnowdc@slideshare.net,Female,$191538.07,BS,false
482,Jo,Varney,jvarneydd@exblog.jp,,$183949.14,PhD,false
483,Dorey,Blunden,dblundende@ucsd.edu,,$150425.78,MS,true
484,Isabella,Stile,istiledf@stanford.edu,Female,$186907.01,BS,false
485,Nonnah,Edes,nedesdg@elegantthemes.com,Bigender,$164578.42,PhD,false
486,Ingrid,Bulfit,ibulfitdh@utexas.edu,Female,$61900.74,MS,false
487,Minnaminnie,Lesor,mlesordi@pbs.org,Non-binary,$110555.48,PhD,false
488,Celesta,Grumell,cgrumelldj@ifeng.com,Male,$34839.27,MS,true
489,Frasco,Denisyev,fdenisyevdk@pbs.org,Female,$153408.21,MS,false
490,Humfrid,Credland,hcredlanddl@gov.uk,Female,$32509.17,BS,false
491,Hi,Aberkirdo,haberkirdodm@canalblog.com,Male,$66176.33,PhD,false
492,Roth,Franzolini,rfranzolinidn@spiegel.de,Genderfluid,$160645.87,BS,false
493,Wald,Starton,wstartondo@guardian.co.uk,Female,$126762.09,MS,true
494,Aprilette,Crudginton,acrudgintondp@over-blog.com,Male,$140252.32,BS,true
495,Sissy,Howey,showeydq@ft.com,Genderfluid,$116819.55,BS,false
496,Mirna,Peto,mpetodr@nature.com,Female,$62059.31,BS,false
497,Tamera,Myhan,tmyhands@seesaa.net,Female,$120795.27,PhD,true
498,Leda,Trynor,ltrynordt@jimdo.com,Male,$133025.78,PhD,false
499,Trip,Luparti,tlupartidu@ask.com,Female,$161294.17,MS,false
500,Anson,Edens,aedensdv@tmall.com,,$173321.72,MS,true
501,Wiley,Beushaw,wbeushawdw@odnoklassniki.ru,Female,$108969.44,BS,false
502,Gilburt,Huchot,ghuchotdx@creativecommons.org,Female,$99469.62,PhD,true
503,Benito,Lukes,blukesdy@washingtonpost.com,,$176366.30,PhD,false
504,Rosalie,Haldene,rhaldenedz@yelp.com,Male,$188850.64,PhD,true
505,Corly,Louedey,clouedeye0@csmonitor.com,Female,$48098.52,MS,true
506,Corrie,Champion,cchampione1@barnesandnoble.com,Male,$183799.40,BS,false
507,Jervis,Bettles,jbettlese2@rambler.ru,Female,$186084.05,PhD,false
508,Shepperd,Blackbrough,sblackbroughe3@utexas.edu,Female,$161754.28,BS,true
509,Giacopo,Antoniak,gantoniake4@intel.com,Female,$121692.63,MS,true
510,Xenos,Cattermull,xcattermulle5@free.fr,Male,$90033.74,BS,true
511,Stanleigh,Kiezler,skiezlere6@jigsy.com,Female,$128490.88,PhD,true
512,Verge,Oran,vorane7@earthlink.net,Female,$79949.25,MS,true
513,Orsa,Gepheart,ogephearte8@ft.com,Female,$186685.86,PhD,false
514,Mozes,Brockwell,mbrockwelle9@reverbnation.com,Female,$50675.25,BS,false
515,Carmita,Beyer,cbeyerea@canalblog.com,Male,$168744.36,BS,false
516,Simeon,Klagges,sklaggeseb@cmu.edu,Female,$196454.77,BS,false
517,Dominica,Eneas,deneasec@ucoz.com,Female,$167656.96,PhD,true
518,Kaine,Downie,kdownieed@wsj.com,Male,$36420.77,MS,true
519,Gale,Cruise,gcruiseee@discovery.com,Male,$180739.14,BS,true
520,Stafani,Loudian,sloudianef@prnewswire.com,,$118378.93,PhD,true
521,Kaylee,Mulvy,kmulvyeg@multiply.com,Female,$83504.67,PhD,true
522,Orsa,Clague,oclagueeh@amazon.co.uk,Male,$148732.28,PhD,false
523,Leonora,Labat,llabatei@state.tx.us,Female,$130063.71,BS,true
524,Meir,Tenaunt,mtenauntej@alexa.com,Female,$67122.71,MS,false
525,Eilis,Rosenwald,erosenwaldek@psu.edu,Female,$56407.29,BS,false
526,Samson,Hopkins,shopkinsel@nasa.gov,Female,$167125.95,PhD,true
527,Kory,Rens,krensem@gov.uk,Genderfluid,$75269.68,MS,false
528,Rupert,Phillipp,rphillippen@myspace.com,Female,$101496.29,PhD,true
529,Clarey,Challenor,cchallenoreo@oaic.gov.au,Female,$170052.96,BS,true
530,Dolorita,Izhak,dizhakep@naver.com,Male,$126253.67,BS,false
531,Adrian,Greswell,agreswelleq@gov.uk,Male,$109071.73,MS,true
532,Celisse,Berrisford,cberrisforder@ezinearticles.com,Male,$178669.68,BS,true
533,Tasha,Dilleway,tdillewayes@umich.edu,Male,$34113.89,PhD,false
534,Ricki,Corradeschi,rcorradeschiet@home.pl,Female,$101233.05,BS,false
535,Raye,Burlay,rburlayeu@senate.gov,Female,$139396.37,BS,false
536,Glad,Lewtey,glewteyev@thetimes.co.uk,Female,$133009.84,BS,false
537,Joanna,Teodoro,jteodoroew@fema.gov,Male,$162204.34,MS,true
538,Arney,Cansfield,acansfieldex@hp.com,Male,$131839.05,BS,true
539,Lucian,Hinchshaw,lhinchshawey@webs.com,Male,$153013.41,BS,false
540,Ellie,Critoph,ecritophez@oracle.com,Male,$165768.25,BS,false
541,Rosamund,Snasel,rsnaself0@angelfire.com,Male,$154560.20,MS,false
542,Shawna,O'Noulane,sonoulanef1@mit.edu,Male,$47784.76,BS,true
543,Maegan,Donisthorpe,mdonisthorpef2@blinklist.com,Male,$86402.93,PhD,true
544,Oliver,Ismead,oismeadf3@unicef.org,Male,$70191.89,MS,true
545,Ulrich,Wolffers,uwolffersf4@constantcontact.com,Male,$107329.43,MS,true
546,Diarmid,Cappineer,dcappineerf5@latimes.com,,$183598.72,PhD,true
547,Hillary,Coplestone,hcoplestonef6@intel.com,Female,$102407.16,PhD,true
548,Colene,Hullot,chullotf7@bloglines.com,Female,$112758.21,MS,true
549,Julietta,Kleinbaum,jkleinbaumf8@who.int,,$67057.79,MS,true
550,Lyon,Beckenham,lbeckenhamf9@nature.com,,$52531.65,PhD,false
551,Mahmoud,Splevin,msplevinfa@ustream.tv,Male,$198179.05,PhD,false
552,Meggie,Bondley,mbondleyfb@goo.ne.jp,Male,$98424.12,BS,true
553,Dillie,Bulstrode,dbulstrodefc@epa.gov,Polygender,$123298.75,MS,true
554,Jami,Moulsdall,jmoulsdallfd@xing.com,Female,$40384.05,PhD,false
555,Harlin,Chadney,hchadneyfe@php.net,Female,$89927.62,PhD,true
556,Teddie,Cruikshank,tcruikshankff@cmu.edu,Male,$46087.96,BS,false
557,Keelby,Cuttles,kcuttlesfg@csmonitor.com,Male,$198951.83,PhD,true
558,Gregorio,Glaister,gglaisterfh@answers.com,Female,$44353.48,MS,false
559,Jeffy,Thumim,jthumimfi@harvard.edu,Bigender,$93427.78,MS,false
560,Brina,Giordano,bgiordanofj@ebay.co.uk,Male,$56380.43,PhD,false
561,Wilden,Lapere,wlaperefk@cloudflare.com,Male,$30580.74,MS,false
562,Malvina,Zolini,mzolinifl@businessweek.com,Male,$34338.64,BS,true
563,Johannes,Daniellot,jdaniellotfm@amazon.de,Male,$68966.96,PhD,false
564,Anna-diane,Parnaby,aparnabyfn@freewebs.com,Male,$84499.97,BS,false
565,Theressa,Zum Felde,tzumfeldefo@ehow.com,,$97195.50,BS,false
566,Eran,Howen,ehowenfp@upenn.edu,Male,$193507.22,PhD,false
567,Drugi,Sworder,dsworderfq@phpbb.com,Female,$98477.55,MS,false
568,Rosita,Murcutt,rmurcuttfr@bing.com,Female,$182076.25,PhD,false
569,Tamar,Raylton,trayltonfs@cnn.com,Male,$58760.81,MS,false
570,Rebeka,Markie,rmarkieft@google.ca,Male,$31690.86,BS,true
571,Peadar,Aingel,paingelfu@illinois.edu,Male,$184153.16,MS,true
572,Arty,Letherbury,aletherburyfv@weibo.com,Female,$178352.30,PhD,false
573,Corly,Koppens,ckoppensfw@google.fr,Male,$155971.91,MS,true
574,Chevalier,Farren,cfarrenfx@behance.net,Male,$159236.49,BS,true
575,Alvira,Heinssen,aheinssenfy@surveymonkey.com,Female,$87650.32,PhD,true
576,Nataline,Fache,nfachefz@google.pl,Female,$195222.93,BS,true
577,Meagan,Sivyer,msivyerg0@independent.co.uk,Female,$167581.25,PhD,false
578,Tadeo,Abramski,tabramskig1@ucla.edu,Male,$83349.24,PhD,true
579,Kasey,Beak,kbeakg2@baidu.com,Female,$85515.80,MS,true
580,Winny,Langrick,wlangrickg3@cloudflare.com,Female,$34939.68,BS,true
581,Rodd,De Few,rdefewg4@spotify.com,Female,$91823.30,PhD,true
582,Cloe,Petera,cpeterag5@nifty.com,Female,$55956.41,PhD,true
583,Iorgos,Ziemecki,iziemeckig6@state.tx.us,Female,$115525.14,BS,true
584,Lian,Konig,lkonigg7@columbia.edu,Female,$102880.05,PhD,false
585,Lemmie,Pohl,lpohlg8@nbcnews.com,Female,$129220.60,PhD,false
586,Dulcie,Wellard,dwellardg9@pbs.org,Male,$151117.61,MS,true
587,Lorant,Hellewell,lhellewellga@bloglines.com,Male,$90569.06,BS,true
588,Leese,Hallbord,lhallbordgb@fastcompany.com,Male,$165524.21,BS,false
589,Kori,Hatliff,khatliffgc@cafepress.com,Male,$179744.09,MS,true
590,Coletta,Digwood,cdigwoodgd@ftc.gov,Male,$182077.94,PhD,true
591,Brockie,Bodesson,bbodessonge@admin.ch,Male,$193308.88,BS,true
592,Nicoline,Millar,nmillargf@ask.com,Female,$100659.21,MS,true
593,Oralla,Prentice,oprenticegg@liveinternet.ru,Female,$98610.51,PhD,true
594,Tammy,Janjusevic,tjanjusevicgh@last.fm,Male,$69009.06,MS,true
595,Faina,Camacho,fcamachogi@google.co.jp,Male,$113081.58,MS,false
596,Rollin,Buessen,rbuessengj@dagondesign.com,Bigender,$115543.61,MS,true
597,May,Matthew,mmatthewgk@comsenz.com,Bigender,$150956.36,MS,false
598,Welsh,Elven,welvengl@theguardian.com,Female,$73799.97,MS,false
599,Jo-anne,Wickens,jwickensgm@umn.edu,Female,$45645.22,MS,true
600,Ailene,Josovich,ajosovichgn@youtube.com,Female,$195857.61,MS,false
601,Geri,Hirtzmann,ghirtzmanngo@house.gov,Female,$170194.72,MS,true
602,Shay,Hounihan,shounihangp@g.co,Female,$185383.60,BS,true
603,Lucais,Dobrowski,ldobrowskigq@hc360.com,Male,$73772.68,PhD,false
604,Bondie,Overall,boverallgr@examiner.com,Female,$81776.72,BS,true
605,Nelson,Trudgion,ntrudgiongs@pcworld.com,Genderqueer,$53789.27,BS,false
606,Leighton,Aukland,lauklandgt@samsung.com,,$49047.09,MS,true
607,Minni,Twell,mtwellgu@drupal.org,Male,$70262.82,MS,false
608,Erastus,MacKean,emackeangv@slate.com,Male,$60497.32,PhD,false
609,Cobby,Halstead,chalsteadgw@sciencedaily.com,Male,$141802.71,BS,false
610,Ulrike,Longmate,ulongmategx@desdev.cn,Male,$182213.99,BS,false
611,Dede,Beynke,dbeynkegy@wiley.com,Genderfluid,$81950.48,BS,false
612,Pavla,Kalvin,pkalvingz@nba.com,Female,$80890.31,BS,false
613,Bartholomew,Hellard,bhellardh0@sina.com.cn,,$92491.42,MS,false
614,Georgette,Dundendale,gdundendaleh1@weather.com,Female,$180819.65,PhD,false
615,Shelden,Vasilik,svasilikh2@shareasale.com,Female,$196305.89,MS,false
616,Dania,Ingry,dingryh3@marketwatch.com,Female,$117761.47,PhD,true
617,Siward,Hefferan,shefferanh4@deliciousdays.com,Female,$164636.21,MS,false
618,Cally,Alleyne,calleyneh5@etsy.com,Female,$137559.98,PhD,true
619,Kimberlyn,Hegg,kheggh6@webmd.com,Female,$156803.26,MS,false
620,Dania,McGeachie,dmcgeachieh7@google.com,Male,$63526.07,MS,false
621,Rickey,Rappoport,rrappoporth8@fotki.com,Male,$72390.66,MS,false
622,Court,Barenskie,cbarenskieh9@google.co.uk,Female,$158366.10,MS,true
623,Wilie,Marle,wmarleha@instagram.com,Male,$39912.17,PhD,false
624,Delila,O'Sesnane,dosesnanehb@hp.com,Male,$196623.86,PhD,true
625,Shelley,Macon,smaconhc@un.org,Male,$166311.49,PhD,true
626,Rayna,Duffree,rduffreehd@xing.com,Female,$99041.20,PhD,false
627,Ardyth,Obee,aobeehe@redcross.org,Male,$195824.27,MS,false
628,Marlin,Pasquale,mpasqualehf@salon.com,Male,$93409.90,PhD,true
629,Joanne,Chinnick,jchinnickhg@harvard.edu,Female,$165653.79,BS,true
630,Carmela,Montes,cmonteshh@opensource.org,Female,$176368.15,PhD,false
631,Matias,Treweke,mtrewekehi@auda.org.au,Male,$134628.12,PhD,false
632,Gabey,Stevens,gstevenshj@china.com.cn,,$114807.69,PhD,true
633,Tera,O'Rourke,torourkehk@tamu.edu,Female,$86126.79,MS,true
634,Forrester,Creamer,fcreamerhl@mail.ru,Male,$68655.29,MS,true
635,Vassili,MacCaghan,vmaccaghanhm@sourceforge.net,Polygender,$137335.16,BS,false
636,Joana,Bonnesen,jbonnesenhn@rediff.com,Genderqueer,$66042.21,BS,false
637,Lanette,Groundwater,lgroundwaterho@xing.com,Male,$199112.12,BS,false
638,Cello,Houlston,choulstonhp@sakura.ne.jp,Male,$83001.01,PhD,true
639,Carling,Samsonsen,csamsonsenhq@mysql.com,Male,$161493.76,MS,true
640,Addi,Delort,adelorthr@msu.edu,,$183044.98,MS,true
641,Lorie,Robertacci,lrobertaccihs@1688.com,Female,$194663.90,PhD,true
642,Lorraine,Paddon,lpaddonht@discovery.com,Female,$185532.81,BS,true
643,Mathilde,O'Noland,monolandhu@infoseek.co.jp,,$46861.01,MS,false
644,Lesya,Pedersen,lpedersenhv@t-online.de,Non-binary,$116876.67,,false
645,Felice,McGeneay,fmcgeneayhw@bloglines.com,Male,$134899.64,PhD,true
646,Nissie,Piggott,npiggotthx@is.gd,Female,$150240.00,PhD,true
647,Eberto,Yaneev,eyaneevhy@infoseek.co.jp,Male,$62042.46,PhD,false
648,Eleonore,Rowland,erowlandhz@instagram.com,Female,$44153.07,BS,false
649,Gordy,Dunstone,gdunstonei0@deliciousdays.com,,$33979.33,BS,false
650,Devin,Keemer,dkeemeri1@photobucket.com,Genderqueer,$48074.13,PhD,true
651,Becky,Sweeney,bsweeneyi2@liveinternet.ru,Male,$153411.75,PhD,true
652,Consolata,Whitehouse,cwhitehousei3@admin.ch,Non-binary,$129023.55,MS,true
653,Michel,Drysdale,mdrysdalei4@eventbrite.com,Male,$192987.59,BS,true
654,Alys,Burwin,aburwini5@flickr.com,Male,$73852.71,BS,false
655,Deonne,Blindermann,dblindermanni6@ibm.com,Female,$59821.74,BS,false
656,Emery,Elwyn,eelwyni7@youku.com,Male,$92549.84,BS,false
657,Eberhard,Allonby,eallonbyi8@chron.com,Female,$190954.22,PhD,false
658,Lucinda,Adelsberg,ladelsbergi9@berkeley.edu,Female,$90796.63,PhD,false
659,Ruddy,McAtamney,rmcatamneyia@creativecommons.org,Male,$101279.96,,false
660,Orbadiah,Van Dalen,ovandalenib@comcast.net,Male,$38698.33,MS,false
661,Lebbie,Beevens,lbeevensic@nasa.gov,Male,$182949.77,BS,false
662,Felecia,Barday,fbardayid@gov.uk,Male,$76393.06,PhD,false
663,Roanne,Berrey,rberreyie@51.la,Agender,$196403.86,PhD,false
664,Eduard,Womersley,ewomersleyif@reverbnation.com,Male,$147813.55,BS,true
665,Mitzi,Acland,maclandig@phpbb.com,Female,$52644.73,BS,false
666,Guillermo,Duester,gduesterih@huffingtonpost.com,Male,$165025.50,PhD,true
667,Rutherford,Brands,rbrandsii@techcrunch.com,Female,$48245.91,MS,false
668,Onfroi,Alston,oalstonij@geocities.jp,Male,$66738.67,MS,true
669,Courtnay,Crinage,ccrinageik@icio.us,,$62067.71,BS,true
670,Merissa,Handman,mhandmanil@timesonline.co.uk,Female,$87254.44,MS,true
671,Lorrin,Sandwith,lsandwithim@macromedia.com,Male,$31720.70,PhD,true
672,Patrizio,Derill,pderillin@typepad.com,Male,$61625.67,PhD,false
673,Anthony,Yeeles,ayeelesio@woothemes.com,Male,$45596.02,PhD,true
674,Arabelle,Iseton,aisetonip@joomla.org,Male,$126138.87,PhD,true
675,Karee,Offiler,koffileriq@uiuc.edu,Agender,$59163.21,PhD,false
676,Jessamine,Zoren,jzorenir@indiatimes.com,Female,$65694.83,PhD,true
677,Veronika,Chislett,vchislettis@purevolume.com,Male,$51210.32,BS,true
678,Daisy,Sarfat,dsarfatit@seattletimes.com,Male,$83471.22,BS,true
679,Irene,Beames,ibeamesiu@freewebs.com,Male,$181578.98,BS,true
680,Karel,Ranshaw,kranshawiv@a8.net,Female,$39734.75,BS,true
681,Shanda,Pogue,spogueiw@howstuffworks.com,Male,$62328.34,BS,true
682,Gregory,Gauler,ggaulerix@t.co,Male,$78688.33,BS,false
683,Hyacinthia,Dallyn,hdallyniy@mac.com,,$184620.75,MS,true
684,Hillier,Shier,hshieriz@imgur.com,Male,$50566.71,BS,true
685,Finley,Sparshott,fsparshottj0@yahoo.co.jp,Female,$77434.04,PhD,false
686,Samuel,Marians,smariansj1@ucla.edu,Male,$102534.75,PhD,true
687,Kristos,Lenton,klentonj2@w3.org,Female,$140861.35,MS,false
688,Maribel,Menear,mmenearj3@google.com.hk,Female,$157825.42,PhD,false
689,Hashim,Woodfield,hwoodfieldj4@economist.com,,$100428.03,PhD,true
690,Cristina,Scrinage,cscrinagej5@fc2.com,Male,$156628.00,,false
691,Velma,Thorogood,vthorogoodj6@fastcompany.com,Female,$55310.70,MS,false
692,Welby,MacRonald,wmacronaldj7@is.gd,Female,$36636.52,BS,true
693,Quent,Krug,qkrugj8@youku.com,Female,$87622.54,PhD,false
694,Kerri,Siaspinski,ksiaspinskij9@slate.com,Male,$66869.62,PhD,true
695,Gwenny,Spadotto,gspadottoja@skype.com,Female,$157597.80,PhD,true
696,Felicio,Zanetto,fzanettojb@mozilla.org,Non-binary,$131670.65,MS,false
697,Lelia,Mountfort,lmountfortjc@hatena.ne.jp,Female,$64935.10,MS,false
698,Gelya,Beet,gbeetjd@ca.gov,Female,$84695.36,MS,false
699,Ewell,D'Emanuele,edemanueleje@wordpress.org,Female,$151774.90,PhD,true
700,Elvira,Barense,ebarensejf@tinyurl.com,Female,$54924.17,PhD,true
701,Maurita,Seegar,mseegarjg@liveinternet.ru,Agender,$34565.06,BS,false
702,Suzanne,Allanson,sallansonjh@irs.gov,Male,$175495.62,MS,false
703,Mella,Ambrois,mambroisji@unc.edu,Male,$58606.87,BS,true
704,Jeremie,Halversen,jhalversenjj@360.cn,Female,$84061.90,MS,false
705,Sol,Magee,smageejk@nih.gov,Agender,$136679.87,PhD,true
706,Blinnie,Tschierse,btschiersejl@meetup.com,Female,$36131.70,MS,false
707,Keri,Criple,kcriplejm@cnbc.com,Male,$133521.73,PhD,false
708,Conrado,Feetham,cfeethamjn@zdnet.com,Female,$137829.79,BS,false
709,Hyacintha,Guilford,hguilfordjo@ocn.ne.jp,Female,$139001.46,PhD,true
710,Loretta,Thornewell,lthornewelljp@1688.com,Male,$193930.43,PhD,false
711,Tades,Shearmer,tshearmerjq@issuu.com,Male,$121832.44,MS,true
712,Elysee,Grut,egrutjr@mlb.com,Male,$102693.58,BS,false
713,Antonio,Ellcock,aellcockjs@craigslist.org,Female,$122543.00,PhD,false
714,Brien,Yakov,byakovjt@nbcnews.com,Female,$116911.37,PhD,true
715,Katha,Olivia,koliviaju@com.com,Female,$160687.52,PhD,true
716,Svend,Ghiroldi,sghiroldijv@engadget.com,Female,$92562.22,BS,false
717,Charlie,Bausmann,cbausmannjw@abc.net.au,Polygender,$151127.92,PhD,false
718,Morten,Gilardengo,mgilardengojx@squarespace.com,,$59248.91,BS,true
719,Siegfried,Osmint,sosmintjy@bloglovin.com,Male,$182194.06,PhD,true
720,Ezmeralda,Esel,eeseljz@yellowbook.com,Male,$140138.99,PhD,false
721,Archaimbaud,Aikin,aaikink0@twitter.com,Male,$115459.74,PhD,false
722,Sunshine,Erskine,serskinek1@scientificamerican.com,Polygender,$135048.03,MS,true
723,Tommy,Render,trenderk2@businessinsider.com,Female,$103023.62,MS,false
724,Janenna,Coatman,jcoatmank3@example.com,Female,$183290.21,MS,true
725,Jerrome,Josskowitz,jjosskowitzk4@fema.gov,Male,$31288.45,MS,false
726,Orv,Sincock,osincockk5@phoca.cz,Male,$136614.82,BS,true
727,Charley,Shepard,cshepardk6@drupal.org,Female,$160253.75,BS,true
728,Alan,Schneider,aschneiderk7@si.edu,Female,$89439.02,PhD,false
729,Ursuline,Harrismith,uharrismithk8@jalbum.net,Male,$108429.97,PhD,true
730,Zechariah,Fahey,zfaheyk9@washington.edu,Male,$120372.09,BS,true
731,Estella,Merrick,emerrickka@csmonitor.com,Male,$114427.58,MS,false
732,Charlot,Farington,cfaringtonkb@nps.gov,Bigender,$168603.37,BS,true
733,Pebrook,Idenden,pidendenkc@uiuc.edu,Female,$65792.54,PhD,true
734,Jarrett,Jellybrand,jjellybrandkd@blogs.com,Male,$71618.81,PhD,true
735,Egor,Van Rembrandt,evanrembrandtke@technorati.com,Male,$171849.75,PhD,true
736,Krystyna,Baudet,kbaudetkf@xing.com,Male,$110930.32,MS,false
737,Lonni,Hooban,lhoobankg@storify.com,Genderfluid,$166435.42,BS,false
738,Kordula,Britto,kbrittokh@sciencedirect.com,Agender,$132496.95,MS,true
739,Felipa,Defont,fdefontki@auda.org.au,,$94049.07,PhD,false
740,Patrizius,Calleja,pcallejakj@is.gd,Male,$165894.67,BS,true
741,Jerry,Bottleson,jbottlesonkk@studiopress.com,Male,$109945.59,MS,true
742,Delila,Shorey,dshoreykl@ifeng.com,Female,$82809.65,MS,true
743,Charlotte,Brosch,cbroschkm@telegraph.co.uk,Male,$187832.18,MS,true
744,Barrie,Dunthorn,bdunthornkn@mapquest.com,Male,$61911.53,PhD,false
745,Hussein,Biermatowicz,hbiermatowiczko@nps.gov,Male,$118336.88,BS,true
746,Claus,Zavattiero,czavattierokp@facebook.com,Male,$80545.29,BS,true
747,Vernor,Tomasino,vtomasinokq@sohu.com,Male,$88542.96,BS,false
748,Evangelina,Perassi,eperassikr@alexa.com,Male,$181431.06,PhD,false
749,Ian,Goldstraw,igoldstrawks@nationalgeographic.com,Female,$128671.31,BS,false
750,Susan,Crunden,scrundenkt@uol.com.br,Female,$163681.64,PhD,true
751,Gaby,Standrin,gstandrinku@qq.com,Female,$71253.73,PhD,true
752,Kaycee,Pape,kpapekv@nytimes.com,Female,$157641.49,BS,false
753,Worden,Pimblott,wpimblottkw@huffingtonpost.com,Female,$190890.62,PhD,true
754,Hercule,Simnett,hsimnettkx@123-reg.co.uk,Female,$134541.98,BS,true
755,Gayler,Echalie,gechalieky@google.com.au,Genderfluid,$39362.38,MS,true
756,Jamil,Clissell,jclissellkz@mapy.cz,Female,$159447.45,,true
757,Vere,Longshaw,vlongshawl0@technorati.com,Male,$55502.15,BS,true
758,Charlot,Anmore,canmorel1@indiegogo.com,Female,$147969.67,MS,false
759,Cully,McReynold,cmcreynoldl2@smh.com.au,Male,$151941.89,MS,false
760,Aggy,Marshland,amarshlandl3@elegantthemes.com,Female,$114888.98,PhD,false
761,Amos,McGrowther,amcgrowtherl4@4shared.com,Female,$167684.86,PhD,false
762,Danyette,Horley,dhorleyl5@narod.ru,Female,$119791.32,MS,true
763,Merna,Torbet,mtorbetl6@pen.io,Male,$89238.95,BS,true
764,Reba,Adhams,radhamsl7@domainmarket.com,Non-binary,$142617.67,MS,true
765,Sandor,Vogel,svogell8@statcounter.com,Male,$176029.44,BS,false
766,Irwinn,Bothie,ibothiel9@yellowpages.com,,$190392.99,MS,false
767,Mariellen,Barnsdall,mbarnsdallla@nbcnews.com,Male,$148815.37,PhD,false
768,Hortensia,Steanson,hsteansonlb@kickstarter.com,Male,$45363.85,BS,true
769,Vernon,Loadwick,vloadwicklc@buzzfeed.com,Female,$192101.09,MS,false
770,Nil,Gorse,ngorseld@nih.gov,Female,$177494.40,PhD,true
771,Ericka,Goligly,egoliglyle@themeforest.net,Female,$191779.97,PhD,false
772,Ignacius,Broxup,ibroxuplf@jalbum.net,Genderfluid,$57498.60,PhD,false
773,Layne,Lownds,llowndslg@typepad.com,,$102131.33,PhD,false
774,Merlina,Cowling,mcowlinglh@flavors.me,Agender,$161338.79,BS,true
775,Thomasin,Christophers,tchristophersli@un.org,Female,$151920.64,MS,false
776,Trevor,Follan,tfollanlj@wikimedia.org,Male,$41258.61,MS,true
777,Tatiana,Purseglove,tpurseglovelk@nytimes.com,Female,$194507.98,PhD,true
778,Lorita,Quarrell,lquarrellll@goo.ne.jp,Polygender,$98898.77,MS,false
779,Abbey,Orehead,aoreheadlm@sfgate.com,Female,$122018.79,MS,false
780,Brunhilde,Oxtoby,boxtobyln@weibo.com,Female,$156832.64,MS,true
781,Rossie,Mairs,rmairslo@soundcloud.com,Female,$181281.23,BS,false
782,Agnola,Croote,acrootelp@google.es,Female,$172115.06,PhD,false
783,Billie,Bullas,bbullaslq@nifty.com,Male,$37406.97,MS,true
784,Aron,Ferenczi,aferenczilr@csmonitor.com,Female,$71461.35,PhD,false
785,Nelly,Manske,nmanskels@wsj.com,Female,$83227.82,MS,true
786,Davis,Chesley,dchesleylt@discovery.com,Female,$151270.77,PhD,true
787,Ruddy,Beincken,rbeinckenlu@fda.gov,Female,$108927.36,,true
788,Allene,Broyd,abroydlv@acquirethisname.com,Female,$38848.52,PhD,false
789,Bettina,Barts,bbartslw@netscape.com,Female,$152737.10,MS,true
790,Oates,Dunbobbin,odunbobbinlx@w3.org,Male,$65575.43,PhD,true
791,Mirabella,Crease,mcreasely@smh.com.au,Male,$104095.06,MS,false
792,Marijn,Pitford,mpitfordlz@oracle.com,Male,$114476.46,PhD,false
793,Lemmie,Stothart,lstothartm0@51.la,Female,$98864.97,PhD,false
794,Lorita,Ferrick,lferrickm1@timesonline.co.uk,Male,$70653.75,,true
795,Roddy,Shipway,rshipwaym2@ca.gov,Female,$194616.55,PhD,false
796,Jsandye,Raycroft,jraycroftm3@go.com,Male,$34781.17,PhD,false
797,Melamie,McAdam,mmcadamm4@symantec.com,Female,$154820.35,BS,false
798,Melitta,Simeon,msimeonm5@myspace.com,Male,$195125.54,PhD,false
799,Sharona,Illston,sillstonm6@mapy.cz,Male,$30257.12,BS,false
800,Hephzibah,Berfoot,hberfootm7@statcounter.com,Male,$128897.22,MS,false
801,Simona,Redman,sredmanm8@amazonaws.com,Male,$73664.99,MS,true
802,Judith,Domenget,jdomengetm9@godaddy.com,Male,$52193.55,MS,false
803,Rolfe,Philippson,rphilippsonma@ted.com,Female,$135434.68,,true
804,Zea,Walsh,zwalshmb@wordpress.com,Male,$59017.03,MS,true
805,Harald,Siveter,hsivetermc@studiopress.com,Female,$176411.16,MS,true
806,Eben,Vedstra,evedstramd@de.vu,Polygender,$61704.09,MS,true
807,Orbadiah,Nuttall,onuttallme@tripadvisor.com,Female,$65236.93,MS,true
808,Cariotta,Mariolle,cmariollemf@usa.gov,Female,$129814.36,PhD,false
809,Annie,Burgoine,aburgoinemg@webs.com,Female,$78242.25,MS,true
810,Mandel,Perrigo,mperrigomh@friendfeed.com,Female,$70986.72,BS,true
811,Fulvia,Maddaford,fmaddafordmi@delicious.com,Male,$61850.94,MS,true
812,Albertine,Prisley,aprisleymj@home.pl,Female,$147023.91,BS,true
813,Damaris,Mochar,dmocharmk@boston.com,Male,$188432.33,MS,false
814,June,Straun,jstraunml@wisc.edu,Female,$71230.59,MS,true
815,Feliza,Devenny,fdevennymm@utexas.edu,Non-binary,$94504.89,PhD,true
816,Gates,Churchin,gchurchinmn@skyrock.com,Male,$196057.60,MS,true
817,Annabal,Lympenie,alympeniemo@loc.gov,Non-binary,$195010.89,PhD,false
818,Kendell,Burger,kburgermp@last.fm,Bigender,$58917.40,BS,true
819,Arron,Tuminini,atumininimq@smh.com.au,Female,$169942.74,BS,true
820,Trudey,McSwan,tmcswanmr@slashdot.org,Male,$52369.17,,true
821,Shayla,Lindbergh,slindberghms@mediafire.com,Male,$165706.35,MS,false
822,Wynny,Wasling,wwaslingmt@newyorker.com,,$130146.23,BS,false
823,Lindsay,Kermannes,lkermannesmu@cbsnews.com,Male,$111327.49,MS,true
824,Marga,Cogan,mcoganmv@cargocollective.com,Male,$150821.09,,false
825,Sile,Slight,sslightmw@slideshare.net,Genderfluid,$85183.60,PhD,true
826,Ashlie,Exter,aextermx@intel.com,Male,$196396.93,BS,true
827,Maurizia,Duval,mduvalmy@godaddy.com,Male,$132460.83,BS,true
828,Conny,Redington,credingtonmz@goo.gl,Male,$38492.73,PhD,false
829,Lonni,Fernant,lfernantn0@ihg.com,Female,$72447.78,MS,true
830,Raddie,Bruhnsen,rbruhnsenn1@tamu.edu,Male,$140386.50,PhD,true
831,Andonis,Reeveley,areeveleyn2@mtv.com,Female,$102799.51,BS,true
832,Barnabas,Seamans,bseamansn3@lycos.com,Female,$71415.76,MS,true
833,Belia,Hamberston,bhamberstonn4@istockphoto.com,Female,$148566.00,PhD,false
834,Nikos,Worviell,nworvielln5@hc360.com,Female,$146179.46,MS,false
835,Hazlett,Briddock,hbriddockn6@home.pl,Male,$157045.99,MS,true
836,Cacilie,Lumsdon,clumsdonn7@reddit.com,,$89577.93,PhD,false
837,Franzen,Kochl,fkochln8@163.com,Female,$181811.78,PhD,true
838,Cherri,Gamell,cgamelln9@delicious.com,,$135781.59,BS,true
839,Faulkner,Barbie,fbarbiena@elpais.com,Male,$157387.73,PhD,true
840,Barb,Knapper,bknappernb@seesaa.net,Female,$95369.86,BS,false
841,Willabella,Katt,wkattnc@amazon.de,Female,$135879.73,BS,true
842,Robinett,Copper,rcoppernd@newsvine.com,Female,$110913.11,PhD,false
843,Bili,Sposito,bspositone@miibeian.gov.cn,Genderfluid,$122547.19,BS,true
844,Anne-marie,MacGinlay,amacginlaynf@photobucket.com,Female,$77845.62,BS,false
845,Dominga,Playfoot,dplayfootng@rediff.com,Male,$70699.68,PhD,false
846,Bevvy,Renfield,brenfieldnh@google.co.jp,Male,$177836.72,MS,true
847,Amalie,Kmietsch,akmietschni@jimdo.com,Female,$86419.17,BS,true
848,Naomi,Tante,ntantenj@google.com.br,Polygender,$64043.49,BS,false
849,Enid,Aylen,eaylennk@sina.com.cn,Non-binary,$144462.76,PhD,false
850,Angelo,Bonavia,abonavianl@loc.gov,Bigender,$123486.90,BS,true
851,Hermione,Brechin,hbrechinnm@canalblog.com,Male,$148155.25,BS,false
852,Hynda,Dinsdale,hdinsdalenn@reference.com,Female,$69881.99,BS,true
853,Nefen,Buffin,nbuffinno@cbslocal.com,Female,$164912.11,MS,false
854,Morrie,Garnsey,mgarnseynp@hud.gov,Male,$165892.24,BS,false
855,Tabatha,Yanuk,tyanuknq@mapquest.com,Male,$189467.11,BS,true
856,Krystalle,Nairy,knairynr@omniture.com,Female,$172226.85,BS,true
857,Linet,Sucre,lsucrens@shop-pro.jp,Bigender,$187390.10,BS,true
858,Janean,Roston,jrostonnt@shareasale.com,,$43229.64,PhD,true
859,Lenci,Haylands,lhaylandsnu@cnbc.com,Female,$110311.95,BS,false
860,Norrie,McPhelim,nmcphelimnv@google.de,Bigender,$182036.41,BS,false
861,Rosalind,Tamlett,rtamlettnw@redcross.org,Female,$39209.55,MS,false
862,Gabriella,Maggiore,gmaggiorenx@gnu.org,Female,$161686.30,PhD,false
863,Rourke,Watmough,rwatmoughny@uiuc.edu,Female,$85294.47,PhD,true
864,Killy,Foye,kfoyenz@ucsd.edu,Female,$109124.63,BS,false
865,Gardiner,Nisuis,gnisuiso0@ifeng.com,Female,$142192.73,BS,false
866,Milt,Stroban,mstrobano1@netlog.com,Female,$125216.42,,false
867,Elvina,Denney,edenneyo2@sfgate.com,Male,$189433.84,MS,false
868,Elenore,Dorward,edorwardo3@salon.com,Male,$103978.59,MS,true
869,Osbert,Foux,ofouxo4@delicious.com,Male,$96886.18,BS,false
870,Curtice,Clapston,cclapstono5@ifeng.com,,$72559.28,MS,true
871,Vincenz,Petrenko,vpetrenkoo6@instagram.com,Female,$102017.09,MS,false
872,Rees,Jerrems,rjerremso7@abc.net.au,Female,$45632.97,PhD,false
873,Erek,Foulds,efouldso8@sphinn.com,Male,$150415.73,PhD,true
874,Harmony,Cotgrove,hcotgroveo9@state.tx.us,Genderqueer,$174229.47,PhD,false
875,Shae,Gwyn,sgwynoa@who.int,Female,$40210.07,PhD,true
876,Panchito,Cairns,pcairnsob@bizjournals.com,Male,$119766.63,PhD,false
877,Georgi,Bilsford,gbilsfordoc@themeforest.net,Female,$77134.36,MS,true
878,Elbertine,Hamprecht,ehamprechtod@woothemes.com,Male,$152269.50,BS,true
879,Joella,Mooring,jmooringoe@admin.ch,Female,$63475.96,MS,false
880,Codi,Marquis,cmarquisof@examiner.com,Female,$48671.37,MS,false
881,Davina,Faraker,dfarakerog@ehow.com,Male,$102491.23,,false
882,Waring,Cammell,wcammelloh@elpais.com,Female,$92647.41,PhD,true
883,Jazmin,Priscott,jpriscottoi@etsy.com,Genderqueer,$156081.07,PhD,true
884,Arny,Diaper,adiaperoj@usnews.com,Female,$137807.10,PhD,true
885,Jorgan,Callendar,jcallendarok@gravatar.com,Male,$69081.66,BS,true
886,Philbert,Acaster,pacasterol@hatena.ne.jp,Male,$73935.35,MS,true
887,Gilberte,Belle,gbelleom@nature.com,Female,$43497.54,MS,true
888,Cathrin,McHugh,cmchughon@lulu.com,Genderfluid,$44921.17,MS,false
889,Clarinda,Rustedge,crustedgeoo@dot.gov,Male,$177765.87,MS,true
890,Mira,Szubert,mszubertop@java.com,Male,$140911.72,BS,false
891,Bradley,Petrovsky,bpetrovskyoq@mozilla.com,Male,$58422.82,MS,false
892,Chilton,Pill,cpillor@irs.gov,Male,$81320.01,BS,true
893,Terra,Noddings,tnoddingsos@bluehost.com,Genderqueer,$100777.02,PhD,false
894,Lucia,Byne,lbyneot@statcounter.com,Male,$109646.43,PhD,true
895,Rahal,Allanby,rallanbyou@archive.org,Male,$109127.46,MS,true
896,Damita,Thorald,dthoraldov@cornell.edu,Male,$100171.00,BS,true
897,Melly,De Clairmont,mdeclairmontow@liveinternet.ru,Polygender,$193337.55,PhD,false
898,Rozalin,Aymes,raymesox@51.la,Female,$116370.89,BS,false
899,Bastian,Sim,bsimoy@linkedin.com,Male,$136562.86,PhD,true
900,Gregorius,Como,gcomooz@creativecommons.org,Female,$140924.74,BS,false
901,Jillian,Chasmar,jchasmarp0@wisc.edu,Female,$186594.04,BS,false
902,Millisent,Bough,mboughp1@imgur.com,Female,$39001.49,PhD,true
903,Cornelle,Permain,cpermainp2@go.com,Male,$61849.28,MS,false
904,Lyndel,Chansonne,lchansonnep3@sciencedirect.com,Male,$180547.24,MS,false
905,Rick,Cawley,rcawleyp4@clickbank.net,Female,$59487.39,MS,true
906,Chic,Arnoll,carnollp5@cam.ac.uk,Female,$37430.82,PhD,true
907,Waylon,Lugg,wluggp6@hao123.com,Male,$164046.72,BS,false
908,Sadie,Foucard,sfoucardp7@cnn.com,Male,$96961.74,PhD,false
909,Claretta,Daye,cdayep8@lulu.com,Male,$192357.63,MS,false
910,Elfrieda,Ezzy,eezzyp9@shop-pro.jp,Female,$90408.28,MS,true
911,Marcela,Corneil,mcorneilpa@reddit.com,Male,$77249.85,PhD,true
912,Jody,Braywood,jbraywoodpb@mozilla.org,Male,$74485.66,PhD,false
913,Alonso,Gully,agullypc@people.com.cn,Bigender,$102921.94,BS,false
914,Eward,Errington,eerringtonpd@so-net.ne.jp,,$193623.04,MS,false
915,Rollo,Sinkin,rsinkinpe@google.com.br,Female,$75926.50,BS,false
916,Cthrine,Bodocs,cbodocspf@google.co.uk,Male,$98743.54,MS,true
917,Rudiger,Barke,rbarkepg@histats.com,Agender,$127134.61,BS,true
918,Iseabal,Bruhnicke,ibruhnickeph@instagram.com,Male,$70576.29,PhD,true
919,Hynda,Prosser,hprosserpi@themeforest.net,Female,$196948.33,MS,false
920,Veda,Bogie,vbogiepj@globo.com,Male,$137404.56,PhD,false
921,Vinny,Pamment,vpammentpk@constantcontact.com,Male,$194235.81,MS,true
922,Bill,Arrandale,barrandalepl@cpanel.net,Male,$169031.77,BS,true
923,Raye,Rawsthorne,rrawsthornepm@privacy.gov.au,Female,$78545.28,PhD,true
924,Jenda,Lillicrop,jlillicroppn@squarespace.com,Female,$62137.50,PhD,true
925,Fayth,Mahood,fmahoodpo@lycos.com,Female,$64276.97,BS,true
926,Leigh,Somner,lsomnerpp@jimdo.com,Male,$182033.01,PhD,true
927,Antons,Whicher,awhicherpq@patch.com,Female,$49600.00,MS,true
928,Esme,McNally,emcnallypr@sohu.com,Female,$76087.80,BS,false
929,Jackqueline,Chaimson,jchaimsonps@youtube.com,Male,$73578.72,BS,false
930,Lamond,Hallums,lhallumspt@google.com.au,Female,$30463.53,PhD,false
931,Far,Tremouille,ftremouillepu@whitehouse.gov,Female,$132344.23,MS,false
932,Kyla,Egdell,kegdellpv@state.gov,Female,$87468.00,MS,false
933,Lewes,Pyner,lpynerpw@multiply.com,Male,$138670.96,PhD,false
934,Isaak,Garritley,igarritleypx@sciencedirect.com,Female,$46675.83,MS,true
935,Sharity,Bray,sbraypy@vistaprint.com,Female,$108984.33,PhD,true
936,Don,Chomley,dchomleypz@imgur.com,Female,$78435.67,BS,true
937,Alexi,Laidlaw,alaidlawq0@nyu.edu,Female,$129313.59,MS,false
938,Parry,McGiveen,pmcgiveenq1@people.com.cn,Genderfluid,$80637.92,BS,true
939,Barthel,Binding,bbindingq2@domainmarket.com,Female,$93797.71,,true
940,Ardella,Petrie,apetrieq3@cmu.edu,Female,$196808.18,BS,false
941,Kirsteni,Cresser,kcresserq4@issuu.com,Female,$120529.50,MS,false
942,Lanny,Robbey,lrobbeyq5@posterous.com,Female,$125990.05,MS,true
943,Waly,Gurnell,wgurnellq6@bloglovin.com,Polygender,$120205.57,BS,true
944,Katharine,Gorry,kgorryq7@freewebs.com,Female,$42961.90,PhD,true
945,Ado,Coles,acolesq8@jiathis.com,Male,$171562.31,MS,true
946,Rosabel,Pawelek,rpawelekq9@xing.com,Male,$186160.53,PhD,false
947,Meryl,Billsberry,mbillsberryqa@instagram.com,Bigender,$153491.97,PhD,false
948,Ber,Mould,bmouldqb@diigo.com,Male,$42601.77,PhD,false
949,Jackson,Mc Elory,jmceloryqc@abc.net.au,Male,$75300.34,PhD,false
950,Chad,Braunter,cbraunterqd@redcross.org,Female,$71665.34,MS,false
951,Alejoa,Schuelcke,aschuelckeqe@nsw.gov.au,Female,$40056.68,BS,true
952,Karyl,MacKinnon,kmackinnonqf@jalbum.net,Male,$176016.66,PhD,true
953,Cele,Siddaley,csiddaleyqg@timesonline.co.uk,Male,$127603.00,BS,false
954,Latia,Henmarsh,lhenmarshqh@loc.gov,Male,$41544.57,PhD,true
955,Pippy,Klagges,pklaggesqi@time.com,,$132732.69,PhD,false
956,Hendrika,Ravelus,hravelusqj@rambler.ru,Female,$121952.87,MS,false
957,Mareah,Wishart,mwishartqk@zimbio.com,Male,$111309.98,BS,true
958,Iolande,Scarratt,iscarrattql@pen.io,Female,$121079.32,PhD,true
959,Ahmed,McCaughan,amccaughanqm@cocolog-nifty.com,Female,$92337.66,MS,false
960,Vail,Pitrollo,vpitrolloqn@constantcontact.com,Female,$196553.98,PhD,false
961,Annabell,O'Lenechan,aolenechanqo@yelp.com,Female,$121279.86,BS,true
962,Katherina,Littley,klittleyqp@blinklist.com,Male,$156923.34,PhD,true
963,Gordon,Savory,gsavoryqq@jigsy.com,Female,$176913.63,MS,true
964,Ruddy,Sleightholme,rsleightholmeqr@photobucket.com,Male,$178103.91,BS,false
965,Mabelle,Lantaph,mlantaphqs@cbc.ca,Male,$77602.97,MS,true
966,Waneta,Loch,wlochqt@google.ca,Male,$149035.39,BS,false
967,Orlando,Greschke,ogreschkequ@xrea.com,Female,$110509.64,,false
968,Elyn,Braxay,ebraxayqv@senate.gov,Female,$150575.46,MS,true
969,Bernardina,Wanley,bwanleyqw@businesswire.com,Male,$173124.08,MS,false
970,Phylis,Peyes,ppeyesqx@berkeley.edu,Male,$152370.37,PhD,true
971,Daisy,Puleque,dpulequeqy@hhs.gov,Female,$191701.77,BS,false
972,Vanessa,Borland,vborlandqz@desdev.cn,Male,$108324.76,BS,true
973,Kliment,Wettern,kwetternr0@mediafire.com,Male,$108317.90,PhD,true
974,Barbabas,Linnett,blinnettr1@arstechnica.com,Male,$79657.75,PhD,true
975,Pierre,Eastby,peastbyr2@bizjournals.com,Male,$186499.96,BS,false
976,Colette,Emeney,cemeneyr3@yale.edu,,$113413.29,MS,true
977,Cullan,Tremblett,ctremblettr4@angelfire.com,Male,$85692.67,MS,false
978,Ella,Mennear,emennearr5@list-manage.com,Male,$160760.77,MS,false
979,Cale,Wenden,cwendenr6@ftc.gov,Female,$130748.59,PhD,true
980,Phaidra,Alexis,palexisr7@gravatar.com,Male,$116181.92,PhD,true
981,Jeffry,Martensen,jmartensenr8@ovh.net,Female,$47090.03,MS,false
982,Bay,Barbour,bbarbourr9@auda.org.au,Male,$39295.80,MS,false
983,Ileane,De la Perrelle,idelaperrellera@goo.ne.jp,Male,$72306.52,MS,false
984,Gerladina,Hedingham,ghedinghamrb@ustream.tv,Male,$166636.47,BS,false
985,Grata,Gaynor,ggaynorrc@1688.com,Male,$114004.70,MS,true
986,Aloisia,Leisk,aleiskrd@pcworld.com,Female,$151124.80,,false
987,Emory,Wesgate,ewesgatere@plala.or.jp,Male,$33905.95,MS,false
988,Sheryl,Mauger,smaugerrf@china.com.cn,Male,$116528.57,PhD,false
989,Nealy,Middlemist,nmiddlemistrg@xing.com,Female,$57398.70,MS,false
990,Gabriele,Birtonshaw,gbirtonshawrh@telegraph.co.uk,Female,$180535.86,PhD,true
991,Lorettalorna,Dovermann,ldovermannri@zimbio.com,Female,$145383.11,BS,false
992,Vic,Penketh,vpenkethrj@gnu.org,Male,$149163.65,BS,true
993,Collie,Curro,ccurrork@weibo.com,Female,$177449.61,BS,false
994,Rici,Thrush,rthrushrl@cocolog-nifty.com,,$126126.65,BS,false
995,Englebert,Grier,egrierrm@sitemeter.com,Male,$43618.11,MS,true
996,Quentin,Kunc,qkuncrn@wunderground.com,,$81726.18,PhD,false
997,Eadmund,Richards,erichardsro@hao123.com,Male,$167400.79,MS,false
998,Timothy,Tarbin,ttarbinrp@toplist.cz,Female,$126312.38,PhD,true
999,Raychel,Lawrenson,rlawrensonrq@adobe.com,Female,$99373.40,PhD,false
1000,Margo,Websdale,mwebsdalerr@npr.org,Female,$50193.33,BS,true
